,f1_macro,recall_macro,precision_macro,accuracy,auc_score,vectorizer,classifier
0,0.5268342857142857,0.58378,0.6269904761904762,0.59088,0.7097419047619048,CountVectorizer(),MultinomialNB()
1,0.6940028571428571,0.6971304761904761,0.7081361904761906,0.6988180952380952,0.787521904761905,"CountVectorizer(ngram_range=(1, 3))",MultinomialNB()
2,0.6457914285714286,0.6528190476190476,0.6679895238095237,0.6542323809523808,0.7309657142857142,TfidfVectorizer(),MultinomialNB()
3,0.7131114285714286,0.7154666666666668,0.7240980952380952,0.7160419047619048,0.800242857142857,"TfidfVectorizer(ngram_range=(1, 3))",MultinomialNB()
4,0.702575238095238,0.7071104761904762,0.7160047619047618,0.7060647619047619,0.7779457142857142,CountVectorizer(),"LogisticRegression(penalty='l1', random_state=42, solver='liblinear')"
5,0.7369838095238095,0.7396599999999999,0.7457180952380952,0.7386590476190477,0.8137828571428571,"CountVectorizer(ngram_range=(1, 3))","LogisticRegression(penalty='l1', random_state=42, solver='liblinear')"
6,0.7186523809523809,0.7194914285714286,0.722492380952381,0.7199495238095237,0.7839209523809523,TfidfVectorizer(),"LogisticRegression(penalty='l1', random_state=42, solver='liblinear')"
7,0.7692561904761905,0.7696857142857142,0.7707161904761903,0.7695838095238096,0.8443657142857144,"TfidfVectorizer(ngram_range=(1, 3))","LogisticRegression(penalty='l1', random_state=42, solver='liblinear')"
8,0.6607342857142858,0.6682466666666668,0.6822666666666667,0.6676904761904762,0.7408276190476192,CountVectorizer(),"LogisticRegression(random_state=42, solver='liblinear')"
9,0.7304866666666666,0.7325533333333333,0.7370980952380953,0.7317504761904763,0.8074533333333335,"CountVectorizer(ngram_range=(1, 3))","LogisticRegression(random_state=42, solver='liblinear')"
10,0.7163514285714286,0.7173285714285713,0.7210523809523809,0.7179142857142856,0.7834885714285714,TfidfVectorizer(),"LogisticRegression(random_state=42, solver='liblinear')"
11,0.7590590476190477,0.7594514285714286,0.7607657142857144,0.7594990476190475,0.8365504761904762,"TfidfVectorizer(ngram_range=(1, 3))","LogisticRegression(random_state=42, solver='liblinear')"
12,0.690327619047619,0.6952895238095238,0.7062380952380952,0.6942390476190474,0.7691438095238095,CountVectorizer(),"LinearSVC(max_iter=10000, random_state=42)"
13,0.7154238095238096,0.7166666666666667,0.718672380952381,0.7161304761904761,0.7810609523809523,"CountVectorizer(ngram_range=(1, 3))","LinearSVC(max_iter=10000, random_state=42)"
14,0.71702,0.7179914285714287,0.721495238095238,0.7185276190476191,0.783577142857143,TfidfVectorizer(),"LinearSVC(max_iter=10000, random_state=42)"
15,0.7309152380952381,0.7312885714285714,0.7322752380952382,0.7313552380952381,0.7962371428571428,"TfidfVectorizer(ngram_range=(1, 3))","LinearSVC(max_iter=10000, random_state=42)"
16,0.7066980952380952,0.7107923809523811,0.7192247619047619,0.7097180952380951,0.7855628571428571,CountVectorizer(),SVC(random_state=42)
17,0.6942742857142858,0.6971266666666667,0.7022476190476191,0.6963961904761905,0.7707380952380952,"CountVectorizer(ngram_range=(1, 3))",SVC(random_state=42)
18,0.7424295238095239,0.743115238095238,0.7451580952380952,0.7431619047619047,0.8112780952380951,TfidfVectorizer(),SVC(random_state=42)
19,0.7301971428571429,0.7328742857142856,0.7437961904761904,0.7335161904761904,0.8206742857142857,"TfidfVectorizer(ngram_range=(1, 3))",SVC(random_state=42)
20,0.6812895238095238,0.6816,0.6821342857142856,0.6817047619047618,0.6831276190476191,CountVectorizer(),DecisionTreeClassifier(random_state=42)
21,0.7108371428571428,0.7111333333333334,0.7117704761904762,0.7112152380952381,0.7140619047619048,"CountVectorizer(ngram_range=(1, 3))",DecisionTreeClassifier(random_state=42)
22,0.682172380952381,0.682552380952381,0.6832066666666665,0.6826419047619048,0.6829704761904762,TfidfVectorizer(),DecisionTreeClassifier(random_state=42)
23,0.7106057142857142,0.7109371428571428,0.7114142857142857,0.7108942857142857,0.7130323809523809,"TfidfVectorizer(ngram_range=(1, 3))",DecisionTreeClassifier(random_state=42)
24,0.7381857142857143,0.738867619047619,0.7408571428571429,0.738807619047619,0.8089895238095238,CountVectorizer(),RandomForestClassifier(random_state=42)
25,0.7586914285714287,0.7600904761904762,0.7648933333333333,0.7600933333333333,0.8349609523809524,"CountVectorizer(ngram_range=(1, 3))",RandomForestClassifier(random_state=42)
26,0.74088,0.7415990476190477,0.743307619047619,0.7413895238095238,0.8117885714285715,TfidfVectorizer(),RandomForestClassifier(random_state=42)
27,0.759904761904762,0.7612761904761904,0.7653819047619047,0.7610314285714286,0.8384590476190477,"TfidfVectorizer(ngram_range=(1, 3))",RandomForestClassifier(random_state=42)
28,0.733324761904762,0.7343209523809524,0.7364457142857144,0.7340409523809525,0.8054752380952381,CountVectorizer(),AdaBoostClassifier(random_state=42)
29,0.7582800000000002,0.759162857142857,0.7609085714285714,0.7588285714285715,0.8307190476190477,"CountVectorizer(ngram_range=(1, 3))",AdaBoostClassifier(random_state=42)
30,0.7303057142857143,0.7307857142857143,0.7321942857142858,0.7308590476190475,0.7944857142857144,TfidfVectorizer(),AdaBoostClassifier(random_state=42)
31,0.7515390476190477,0.752035238095238,0.7530133333333335,0.7518723809523808,0.8211980952380952,"TfidfVectorizer(ngram_range=(1, 3))",AdaBoostClassifier(random_state=42)
32,0.7445866666666665,0.7454476190476191,0.7474180952380953,0.7451914285714285,0.8214104761904761,CountVectorizer(),GradientBoostingClassifier(random_state=42)
33,0.7722780952380952,0.7732466666666667,0.7758933333333333,0.7728857142857142,0.8498161904761906,"CountVectorizer(ngram_range=(1, 3))",GradientBoostingClassifier(random_state=42)
34,0.7406314285714286,0.7411504761904761,0.7425209523809525,0.7411019047619047,0.8113980952380953,TfidfVectorizer(),GradientBoostingClassifier(random_state=42)
35,0.7703980952380954,0.7710761904761905,0.7728838095238095,0.770842857142857,0.8474971428571428,"TfidfVectorizer(ngram_range=(1, 3))",GradientBoostingClassifier(random_state=42)
36,0.7081952380952381,0.7112095238095238,0.7163085714285714,0.7102428571428572,0.7794085714285713,CountVectorizer(),"StackingClassifier(estimators=[('svm',
                                LinearSVC(max_iter=10000, random_state=42)),
                               ('lr_l1',
                                LogisticRegression(penalty='l1',
                                                   random_state=42,
                                                   solver='liblinear'),
                                'rf',
                                RandomForestClassifier(random_state=42))],
                   final_estimator=LogisticRegression(random_state=42,
                                                      solver='liblinear'))"
37,0.74146,0.7432171428571428,0.7466857142857143,0.7424866666666667,0.814984761904762,"CountVectorizer(ngram_range=(1, 3))","StackingClassifier(estimators=[('svm',
                                LinearSVC(max_iter=10000, random_state=42)),
                               ('lr_l1',
                                LogisticRegression(penalty='l1',
                                                   random_state=42,
                                                   solver='liblinear'),
                                'rf',
                                RandomForestClassifier(random_state=42))],
                   final_estimator=LogisticRegression(random_state=42,
                                                      solver='liblinear'))"
38,0.718661904761905,0.7194009523809524,0.7220590476190476,0.7198790476190476,0.784082857142857,TfidfVectorizer(),"StackingClassifier(estimators=[('svm',
                                LinearSVC(max_iter=10000, random_state=42)),
                               ('lr_l1',
                                LogisticRegression(penalty='l1',
                                                   random_state=42,
                                                   solver='liblinear'),
                                'rf',
                                RandomForestClassifier(random_state=42))],
                   final_estimator=LogisticRegression(random_state=42,
                                                      solver='liblinear'))"
39,0.7666933333333336,0.7670361904761904,0.7679809523809523,0.7670209523809525,0.839915238095238,"TfidfVectorizer(ngram_range=(1, 3))","StackingClassifier(estimators=[('svm',
                                LinearSVC(max_iter=10000, random_state=42)),
                               ('lr_l1',
                                LogisticRegression(penalty='l1',
                                                   random_state=42,
                                                   solver='liblinear'),
                                'rf',
                                RandomForestClassifier(random_state=42))],
                   final_estimator=LogisticRegression(random_state=42,
                                                      solver='liblinear'))"
